participantId,apartmentId,X,Y
0,926.0,-2724.6277665310454,6866.2081834436985
1,928.0,-1526.9372331431534,5582.2951345645315
2,291.0,-1360.9905987829304,2108.804385379679
3,1243.0,-1558.517200825967,5600.664347152427
4,136.0,1488.8432645870707,3503.579947354824
4,375.0,1395.1218724865523,3442.311786368874
4,194.0,976.2409614204214,4574.575079082071
5,243.0,-1525.6957374012197,1994.5285187115571
6,183.0,1795.1297501295278,3238.4053705049837
7,97.0,-1023.8165705255449,1578.3713681439597
8,321.0,616.2956028633527,2274.8909931311796
9,355.0,-2034.686980076759,2030.381539383028
10,91.0,1814.98579620458,5202.324736027698
11,1582.0,-4565.6827138156195,7005.636929989713
12,1198.0,-497.3677634959754,6363.886889857202
13,141.0,581.8384408333688,3529.4152341625972
14,66.0,1591.8298888318336,4013.7639158217444
15,930.0,-1675.0510095550928,5609.338507213533
16,101.0,1831.7873304297461,5320.646245105632
17,1003.0,-1701.950647608051,5620.022677890126
18,482.0,-1076.5842362188507,2994.728261285693
19,276.0,1794.856951027348,3435.370711304074
20,301.0,-1422.8753026578263,2066.5737215664585
21,169.0,1412.644760167943,3414.0178787864565
22,88.0,1633.4086345568762,4461.730793578187
23,532.0,-1107.227708359132,3065.5453427229895
24,309.0,-1527.1275555605914,2059.53529486834
25,273.0,-1694.505856483093,2049.322365937635
26,371.0,-1636.260455452556,2061.364222168615
27,1239.0,-1559.4010602968729,5661.229908784321
28,1254.0,-1555.4794152338718,5688.7132394402315
29,344.0,2223.5624472994955,4862.063619308975
30,284.0,1425.180932674061,3318.389052821677
30,38.0,1425.180932674061,3318.389052821677
30,50.0,1392.4006528599325,3610.69922294319
30,284.0,686.0858044772576,2922.7380939410023
31,810.0,-1189.5514924340619,2890.7553818484876
32,1146.0,-634.0344080258775,6277.753144833072
33,1397.0,-4597.6533240783865,7069.886826197356
34,35.0,2043.7166708902068,4346.287600576919
34,145.0,2028.308962527908,4454.498353242505
34,29.0,1386.7709448307846,4931.974943571377
35,215.0,1496.9438618070185,3428.2506460665654
36,111.0,-1844.165240520775,1848.9603894453562
37,1080.0,-2414.077403801369,6211.71081880048
38,1216.0,-1837.5939136403147,6234.563888603619
39,188.0,1247.7570674966007,4770.987783190005
40,977.0,-5.487087530871604,5360.671874544664
41,245.0,1414.7791622923082,3331.7608931825744
42,1471.0,-4398.2543834565,4637.204365012328
43,934.0,-604.5425301346507,6205.663077468948
44,0.0,592.6865615487636,626.0149920329762
45,955.0,-2508.713200348066,6783.37726594192
46,985.0,-583.0046403572655,6187.016515533001
47,58.0,-1460.1537460532932,955.2875318639223
48,115.0,1219.2110639210114,3499.3456481089634
49,1247.0,-1659.8970581130227,6256.300713352074
50,279.0,2175.6993584489587,4976.439447130084
51,90.0,1357.7433423875268,3265.1288681545407
52,336.0,570.8349402894696,1904.4644507325406
53,1599.0,-3329.249928833953,7758.6958694823425
54,196.0,1011.6371106179822,4572.68963025417
55,92.0,-1590.3908790256119,1882.6417834648523
56,44.0,2264.203852555873,4065.5602161190236
57,16.0,2205.7400940450148,5216.3176837740175
58,682.0,-1101.839043256292,2497.570196722187
59,1165.0,-2520.8523100951006,6201.628822676936
60,266.0,1273.1741133539615,1176.0682488484108
61,22.0,-1397.177426276214,2186.3340847244535
62,352.0,-1408.9754669453816,2152.8950479975415
63,17.0,2110.80817009729,5019.169190411168
64,320.0,-496.78679320129623,1847.4222323734825
65,365.0,955.7157859498368,338.98841714798596
66,190.0,-1011.1007975934829,1342.738828543158
67,33.0,1743.037507219923,5258.894946703521
68,109.0,-1473.590901147153,877.1033836945335
69,192.0,526.4015381963275,4322.955915190171
70,74.0,2238.526068759931,4055.222885312164
71,322.0,2223.6100948058197,4062.7376541474628
72,1269.0,-509.4026272878675,6224.1966196306375
73,73.0,-1351.8065031851245,2115.9050324614464
74,1085.0,1.9755335623945705,5341.431450701076
75,325.0,1254.089690625238,4852.6963917320545
76,76.0,-1338.6352399471666,2154.9030760794763
77,134.0,1993.1409593405124,5311.325298938236
78,641.0,-2516.724001701027,2495.470079198975
79,764.0,-2451.4918680777023,2427.775105006013
80,28.0,1915.2859842403648,5312.093781653036
81,257.0,601.7277385647054,3556.6658950219626
82,202.0,507.67823222944736,1468.4914493644562
83,910.0,-135.7936772057236,3415.6326140452566
84,298.0,-1947.9008938556433,2093.9206315099636
85,349.0,-1350.688345439653,1990.3876347179978
86,288.0,-1636.9730511712182,806.1608366025896
87,905.0,355.6243619780982,5044.255146336895
88,1163.0,18.422209722405302,5367.142858130735
89,577.0,-1218.0484947359735,3213.228538710721
90,771.0,-1142.1337111008247,3196.0977945056115
91,1050.0,-92.60471318609663,5320.25623098304
92,106.0,2015.3436745883612,4870.663786883867
93,187.0,1793.6070630120769,3456.5396868773805
94,367.0,2037.5840188812192,4898.759127722423
95,121.0,-1430.7484411588418,1976.1815826195873
96,122.0,-1425.0373135113339,2004.631970219612
97,2.0,-186.01876942421933,1524.3262297635556
98,229.0,-1434.973262420595,1987.3098980394846
99,93.0,-375.1399391748131,1854.6659320088543
100,1503.0,-4574.968826688322,7279.39539289574
101,1591.0,-4498.556931980856,4745.72483046643
102,909.0,-573.7199715683724,5126.47392427598
103,938.0,-436.3046057227951,5259.060541114311
104,1053.0,338.54791328924017,5069.755864313634
105,154.0,2192.7767242363825,4933.177065424005
106,306.0,2073.8637698881444,4940.4130254975
107,206.0,-313.9595206019376,1855.7111170429162
108,1195.0,-525.4829433610961,5221.482766829596
109,649.0,-2601.4844616292808,3065.960220454799
110,679.0,-2639.6767056678714,3068.6493948638636
111,1057.0,-0.6024375446853782,3515.4558801586313
112,26.0,-1670.5719329789977,2056.786442336958
113,64.0,664.1877750440672,3797.8522890989393
114,148.0,1717.835876212559,3409.851566604102
115,191.0,1707.054412521753,3353.9564355132256
116,723.0,-1565.3234939821336,2806.0061159727093
117,227.0,926.7631461210617,4556.802589624075
117,1034.0,-68.03672015984428,4500.638259876133
117,210.0,926.7631461210617,4556.802589624075
118,794.0,-1549.703019459702,2831.956395342448
119,368.0,1227.418350577647,544.2222199132481
120,307.0,859.3593928785715,1623.0523610677237
121,31.0,-1413.2561545952765,898.2120522402657
122,569.0,-1439.9430760430084,2473.1464529500436
123,1690.0,-3332.182456321242,7584.930454768431
124,1733.0,-4583.176447126485,4729.65080569796
125,1231.0,-10.355978118767254,3472.3896742182696
126,1158.0,-220.903527022639,5249.64901309842
127,0.0,52.04632353952928,1113.061243825332
128,281.0,1601.3567543010552,4018.464562858439
129,39.0,1060.9437633037428,1260.5865662978981
130,54.0,1164.0738962286796,1544.2252567547262
131,323.0,584.3136574360803,3747.881720872645
132,168.0,-465.7493339369287,1398.3123022928
133,297.0,-490.60482925640764,1397.1241432443894
134,965.0,-603.140665680056,5132.275080109213
135,62.0,-442.4532523883974,1701.7748890076932
136,312.0,-713.1912937024488,1581.4161205086782
137,914.0,-219.47029345311603,5326.802185264626
138,209.0,1308.4011256519482,4426.230652612812
139,20.0,1299.4420599853365,4453.380068639174
140,1036.0,-2632.944608595766,6288.656766845932
141,373.0,-2010.897184409088,1966.574194757472
141,1167.0,-2010.897184409088,1966.574194757472
141,373.0,2237.610736525216,4602.673592276821
141,0.0,-2010.897184409088,1966.574194757472
142,0.0,-1518.5285690366604,1161.9631681113808
143,1073.0,-498.4021979849775,5934.483427889883
144,52.0,-1855.2628137937074,1652.8292021799746
145,906.0,-379.1399925988855,5265.167361171224
146,185.0,1173.3309459111763,3158.686042666584
147,289.0,1677.934762896425,3228.4322363187243
148,1076.0,-2622.4693542048503,6305.882211709785
149,924.0,-388.544701171866,5274.671154781031
150,1129.0,-611.3816071271943,5211.062898551801
151,1157.0,-622.5463414546522,5159.840414637389
152,14.0,2105.2621147090945,5334.454000089414
153,152.0,-1588.1040683361184,1726.0704084148279
154,0.0,1259.4008655578116,1350.5550501603684
155,1180.0,-474.0909044214035,5954.904809593169
156,184.0,795.3027355381611,415.55936820390906
157,704.0,-1286.336077813878,3285.447656269636
158,1.0,1071.7663972500707,643.2237663609594
159,712.0,-1231.7319881481164,3467.740761780779
160,991.0,-1618.1131464263558,6082.465710436708
161,0.0,1193.7334301302428,565.8920365732027
162,193.0,2493.884306563122,4054.5689731091297
163,992.0,-1660.5951122809852,6062.518353345776
164,263.0,620.1155538963543,2389.277154299279
165,147.0,580.5195669633262,3735.05475997133
166,171.0,1081.345703863062,689.1167654655084
167,137.0,1379.8778748152295,4712.286004027333
168,308.0,1816.1685312652548,5171.175206952844
169,153.0,-1361.0006661216942,2065.6162438417405
170,967.0,-2720.3568123686973,6848.502579431824
171,1069.0,-1541.3231057723094,5600.609909304979
172,213.0,-1942.6730411445426,1980.7509407987293
173,180.0,-199.80739778198915,1611.731282035355
174,203.0,1316.0728786715365,3227.6859640235043
175,272.0,1782.3951213881348,3414.441176959483
176,12.0,354.92667736862916,4148.692258927901
177,189.0,2414.336435689438,5379.863523612927
178,30.0,574.8943710724894,1813.7655243245533
179,280.0,39.409511757463186,1082.2328031003733
180,180.0,-174.39827933640387,1616.354671301628
181,126.0,1251.3285623378465,4909.320822311027
182,151.0,1820.5398221455368,4460.839370202472
183,30.0,563.1687882586755,1795.5555172479515
184,186.0,1573.5085335090662,4042.3890107387842
185,30.0,577.0627972952155,1807.733517788687
186,135.0,588.6624903281695,1701.1431019383906
187,135.0,571.0610495914086,1705.724395694057
188,378.0,1308.0915448803137,4741.777586786875
189,378.0,1295.5340668071733,4748.842825210253
190,161.0,1770.5650484085725,3286.3888669699713
191,177.0,1771.3275804120506,3341.1956510570362
192,378.0,1285.6383293078716,4726.877299229724
193,299.0,1596.9855257378151,4040.0966203931084
194,378.0,1300.022125854812,4734.069216243433
195,299.0,1595.9348069502726,4037.668795448345
196,216.0,1240.973758666241,513.0980997364184
197,286.0,1267.1464684951388,3622.504787056491
198,299.0,1578.7520452307883,4035.5684495070177
199,296.0,1176.658806957914,3153.5278367726637
200,299.0,1593.5571897897012,4025.408786366203
201,135.0,569.8744106571446,1690.2099782193063
202,362.0,1274.9620550386078,4423.530931602868
203,230.0,-840.0744762437234,1636.8373984737436
204,135.0,581.5018399921794,1706.3417650325132
205,1191.0,-2731.2365717615,6843.267689579297
206,84.0,2468.027310102608,5208.8512655235245
207,252.0,-749.1181401292539,1654.3332458639254
208,59.0,2256.8967537035414,5347.655739103048
209,252.0,-743.6869059555171,1654.682066914351
210,233.0,-426.6644812473655,1697.7513675583173
211,252.0,-759.9703931769521,1641.7892380381643
212,9.0,1260.2309944982098,1148.9964240517431
213,356.0,1415.5890432654378,4940.91794072539
214,356.0,1419.406128618074,4921.012361040348
215,356.0,1411.5688050146657,4929.435840811374
216,252.0,-745.8963444464756,1639.8868996794452
217,80.0,598.396778270009,3451.306125670783
218,953.0,120.7438900575549,4044.859517641698
219,174.0,1500.798809887274,3323.391011908242
220,181.0,587.7836330517929,1483.9791682760022
221,376.0,588.24129100483,3475.6105422809355
222,127.0,2215.392449903611,4769.681157920286
223,346.0,595.5005918880431,1786.8685911919665
224,174.0,1488.943201362342,3319.92292314603
225,174.0,1495.8455901318048,3320.5815298143275
226,107.0,200.30530797883364,1293.7754727507527
227,72.0,-737.4367272415781,1384.0885789058686
228,376.0,595.6114137678455,3448.2388672434245
229,75.0,599.5116378839258,1510.0618321751404
230,107.0,198.3295277288202,1299.360903370048
231,100.0,-657.612879571573,1593.8461774298503
232,235.0,1212.1762869259765,4886.370451390932
233,75.0,577.5048472892462,1503.081581425309
234,214.0,-1782.2457785250274,1702.734863586154
235,159.0,525.0873240468296,4418.827779090524
236,159.0,534.869503473957,4412.508707969395
237,159.0,535.4874987111288,4426.070086468944
238,75.0,600.1687578891527,1530.4524401615397
239,83.0,222.2585412131388,1810.2952358591588
240,125.0,2409.7559376435624,4346.312086368327
241,75.0,596.2257073221284,1519.5441978913152
242,1264.0,-709.4812621708186,6327.535433757444
243,327.0,1245.9236702634607,3252.527900518728
244,69.0,2042.1063610730464,4363.877597548604
245,261.0,1311.5125194359287,3615.960574934571
246,55.0,2142.9119426448406,4759.893826417769
247,195.0,605.0352009405825,3204.860613802215
248,261.0,1301.8046215175636,3618.213478596
249,231.0,1312.2722771083413,3535.58422740479
250,331.0,1195.8718307906815,3252.6025739598585
251,5.0,18.358412861556058,94.94395411560458
252,702.0,-1183.6353250747331,2605.068020437779
253,550.0,-1311.5587476221624,2561.2400714292203
254,1026.0,-1662.166147963861,6058.983160804273
255,824.0,-1662.9076138531102,3423.306359798641
256,0.0,-2454.4104899151394,3274.2213479716106
257,600.0,-1363.6746703562285,2605.1032262421472
258,797.0,-1774.0073533619118,4052.620422758957
259,1141.0,-1632.563259932197,6104.204284626621
260,645.0,-1230.2800729737107,3319.4323014799825
261,711.0,-1338.6719765317941,2695.8276623978604
262,0.0,-1207.7108212473022,3296.111075116708
263,1390.0,-4600.671636552691,7599.163509369166
264,1563.0,-4586.913610841385,7601.519028694648
265,1644.0,-4573.459436358925,7347.185981322279
266,463.0,-1317.8769440429232,3727.078804371119
267,0.0,-2373.5816603264843,2428.9526870926775
268,1664.0,-4578.54656742065,7518.832664638027
269,719.0,-1301.0783781355212,2681.9601886546184
270,1618.0,-4614.557309860481,5147.32940254623
271,736.0,-2256.993785730668,2505.292581560297
272,1031.0,-1601.8745377759506,4738.945967988204
273,816.0,-1877.410051384654,3498.347374395098
274,741.0,-2262.474481928876,3114.5175890903647
275,1153.0,-1911.2298992097242,5810.175885059182
276,1438.0,-4491.610991038857,5127.064931972906
277,517.0,-662.6017309912244,4864.729100012163
278,1589.0,-4435.45076219274,5129.890834026021
279,0.0,-1561.1277720338785,2818.593814437167
280,1090.0,-2623.9072001949207,6601.185809944629
281,754.0,-2241.4025062167552,2507.920296369679
282,1244.0,-2618.4758035519317,6616.094271288946
283,757.0,-694.5856243594246,4887.887968912156
284,1110.0,-604.7941119699747,6032.747408703904
285,0.0,-2285.0775557768707,2757.1522799160543
286,496.0,-1439.737579233963,2699.318680612109
287,713.0,-2501.1221406845975,2593.95781698129
288,0.0,-1939.4337079430575,2778.587272628604
289,510.0,-562.086846930087,4876.617948618355
290,1056.0,-579.6766535454583,6041.226931048339
291,717.0,-2442.898391244556,2567.7615772184154
292,514.0,-562.1445582365948,4860.331840691551
293,1251.0,-595.4932176287018,6075.069169884037
294,485.0,-2534.9703034763043,4564.285809488242
295,774.0,-2470.1224936633544,2607.1393430691137
296,488.0,-1438.2332547539638,2611.748276217267
297,1517.0,-4333.515968465038,7615.737312613843
298,0.0,-2116.466402535784,2650.9358943977804
299,544.0,-2243.5448297967127,2850.638884025519
300,1643.0,-4373.855410403976,7616.6418731335725
301,0.0,-2002.5283978698928,3479.9804012261734
302,1389.0,-4504.755304520494,4806.5017413951255
303,694.0,-2189.4862839531493,2831.767758541419
304,1557.0,-4428.791834410917,7538.537408091491
305,579.0,-534.1316475698052,4783.913405574674
306,1621.0,-4440.967491126279,7506.096430807571
307,457.0,-2365.92810984519,4537.501613012345
308,921.0,-3659.9455014118075,5700.540521028926
309,946.0,-3064.912565138016,6024.384022015639
310,950.0,-3660.661652333123,4826.716098292372
311,671.0,-2523.7603877536035,4536.050220542302
312,971.0,-2400.440960327807,5867.796703632828
313,1011.0,-3653.7001033596434,4802.179237690303
314,655.0,-2459.039092455746,2982.023367543819
315,1078.0,-3624.1610921193574,5661.511861934462
316,1143.0,-1791.2010589212853,5848.289718840059
317,677.0,-2384.220843707006,2870.4897426167495
318,733.0,-2459.7544619357823,3053.668429981706
319,1185.0,-3339.738628192608,5572.408724311929
320,826.0,-561.2541452995672,4861.258086269467
321,609.0,-1962.9652693200424,4548.857435188247
322,685.0,-2506.0187192007047,4570.160002969814
323,1102.0,-1622.926008783079,4770.590213297557
324,1188.0,-3612.205005539718,5719.0686926678245
325,729.0,-1198.6242486468163,3068.55143298963
326,775.0,-1257.2961138532453,3052.084873050113
327,1278.0,-3667.868435242565,4810.214863385205
328,815.0,-1099.8182546721594,3030.9610314766505
329,994.0,-1624.6364536455433,5983.342110677975
330,464.0,-1698.9928815786132,3773.5966598544746
331,823.0,-1100.628103356437,2991.8794309319906
332,1006.0,-1554.9910108901931,5924.0332478370465
333,1205.0,-1526.8889347157697,5940.367229053723
334,1489.0,-4184.4086495505,5813.142739444134
335,1554.0,-4248.819387006125,5788.522023451577
336,468.0,-1221.1177227396242,3008.5997338425304
337,1486.0,-4594.621089341681,4844.792221097786
338,491.0,-1068.7657761917137,3485.8168341163882
339,1505.0,-4516.012364699888,7423.657066568119
340,1566.0,-4582.39247860098,4827.97280298465
341,1588.0,-4195.676925595015,4897.511593308026
342,737.0,-1209.801145892734,2993.6850534071823
343,1657.0,-3389.335645230258,7144.3780989651705
344,1691.0,-4586.54919027507,4800.050799355409
345,814.0,-1225.304244503475,2991.0160306471216
346,0.0,-1182.3184041259321,4381.445074319496
347,1696.0,-4205.864676357434,4901.163152284308
348,480.0,-1130.1193865733924,2802.8119711319755
349,675.0,-1199.6935402565507,2912.16419585481
350,703.0,-1196.639293482018,2875.2701617305843
351,1712.0,-3368.2159495152814,7175.642938217877
352,0.0,-2248.5031082860805,2509.884528754595
353,776.0,-1207.1161522236457,2895.895189664184
354,1725.0,-3392.3560445747407,7146.532919570891
355,819.0,-1970.2535978351111,4563.743812385769
356,0.0,-1998.49506550216,3105.8198804754766
357,543.0,-1064.2473286048946,2411.2311430629634
358,806.0,-1578.3241572976324,3810.576991082258
359,594.0,-2434.1418800219876,3171.506940813787
360,768.0,-1023.5928882400924,2417.845832751361
361,1411.0,-3901.4835499643664,7457.8475544263565
362,695.0,-2267.7493743788646,5028.4397363483195
363,481.0,-1924.2159256906089,2768.603159629036
364,1586.0,-3326.472915179759,7418.6298403975325
365,652.0,-1959.612619667316,2806.5418624505733
366,1637.0,-3320.2990907870203,7320.148943996546
367,1641.0,-3328.9835309039827,7438.858405609549
368,1607.0,-4358.880233143497,7565.133607923599
369,1617.0,-4310.6205211837005,7422.912496765995
370,556.0,-1986.9963182711988,4569.521278744788
371,664.0,-1062.346058478995,3495.849766278384
372,0.0,-1019.3107265764518,3818.682846192285
372,732.0,-1019.3107265764518,3818.682846192285
372,784.0,-1019.3107265764518,3818.682846192285
372,1010.0,-1429.0877118281621,5978.549892300147
373,963.0,-2014.1489753523679,4777.663378548366
374,595.0,-2205.190246089389,3173.575583895354
375,1415.0,-4507.892057542517,4987.942961995617
376,1449.0,-4524.690918788527,4888.139820285211
377,1465.0,-4445.990440003654,4896.120899469506
378,755.0,-558.9865959211788,4894.39338535031
379,1268.0,-3370.8429066942085,5184.208775688826
380,0.0,-2167.9524014382514,2537.002037730642
381,818.0,-1933.3787060780535,2790.9352349339492
382,0.0,-1106.2133466789576,3071.2006289247247
383,0.0,-1239.5350994511268,3613.8443250960777
384,0.0,-1316.6175407308417,3499.027828712918
385,740.0,-1194.0175644198266,2713.530791786246
386,489.0,-2381.1881119013156,4714.803631580487
387,788.0,-2148.351337289022,2598.646649596783
388,596.0,-2300.3377558350776,5042.222403181147
389,512.0,-1445.5359169967742,2421.384615530726
390,487.0,-1710.7423228864238,3755.2547054832744
391,947.0,-2730.2857598556793,6842.811595254248
392,0.0,-2096.355809334171,3273.776021084338
393,511.0,-2348.1177686819206,4595.1383764736265
394,710.0,-2460.476417300966,2527.5847373992437
395,505.0,-767.4613794418494,4456.950323543237
396,454.0,-1133.5860016991571,4009.946794086544
397,780.0,-1242.3659533460157,3226.103279105531
398,551.0,-2346.590537454686,3089.0899545184902
399,1105.0,-701.0008806512359,6324.598703209237
400,752.0,-2358.1029982930977,4522.886813031062
401,1132.0,-718.848317139202,6348.727476809763
402,1200.0,-690.1662100462155,6323.9480215371395
403,0.0,-2090.798249689286,3678.692931908172
403,667.0,-2090.798249689286,3678.692931908172
403,603.0,-2090.798249689286,3678.692931908172
403,603.0,-1455.6394789215026,2645.822143293767
404,1206.0,-2735.451443505526,6860.5732707148145
405,541.0,-1210.3610147505167,2377.388407807117
406,0.0,-2259.5931068708887,2675.584611574717
407,0.0,-1292.3265110705427,3502.3689902582296
408,903.0,-1394.1368291910871,4668.442933309888
409,547.0,-1620.5865152362605,3641.318449722888
410,1405.0,-4540.301124396293,6985.010462454658
411,705.0,-1561.1903194801348,2807.7740364603333
412,1047.0,-1619.6814433867187,5595.154266781606
413,1608.0,-4134.2864924654805,7410.603923315937
414,1729.0,-4082.113966624071,7403.398656687532
415,1732.0,-4137.147501087863,7410.179130787083
416,720.0,-1610.8259240859934,3623.641989591707
417,640.0,-1682.1128440747607,3815.387676630701
418,542.0,-1037.486578142945,3616.7432205529217
419,1025.0,-1530.0918788301894,5649.06197186827
420,231.0,1307.8497381984043,3516.2782872080497
421,802.0,-1230.3858387614157,3079.8013896202624
422,524.0,-1143.1739513334599,2899.1815293197105
423,261.0,1304.2698900555138,3620.7559570413537
424,527.0,-1665.761173721802,4090.6640641045947
425,562.0,-1063.6047304911226,2912.0056820197597
426,452.0,-2484.683711474812,2500.179201388168
427,616.0,-548.2700738227305,4804.952260898627
428,261.0,1305.0254988424501,3611.747815603176
429,1182.0,-667.130460630689,6381.226558853645
430,561.0,-2286.0445170956937,5007.434540608557
431,523.0,-2373.464334269478,2438.527917877558
432,809.0,-2343.405290888888,2874.5936821043138
433,1189.0,-1651.9374347777432,5620.078627851311
434,747.0,-1436.758236063943,2402.842544549952
435,519.0,-2267.7053916289133,4992.151656831476
436,570.0,-1672.6617353002493,4045.468253837507
437,608.0,-1275.1917678903053,3244.6584232904074
438,497.0,-1182.721609432994,2393.2950956797463
439,601.0,-1113.8044992533053,4386.3620784193545
440,1051.0,-1694.5109709495587,5720.470348063601
441,622.0,-2016.80144140617,4968.728757285944
442,592.0,-2593.3384230544716,3047.3719991853977
443,952.0,-1497.4400062756617,5082.110660401991
444,1215.0,-1747.9791595503464,5706.133863082172
445,660.0,-1549.185600630916,2808.9486092084253
446,959.0,-2619.2589823419485,6880.244418253359
447,1083.0,-1578.0077782280796,4740.0889829815005
448,575.0,-1162.9191902913742,4489.935192244259
449,748.0,-1623.972190714906,3670.0155780743544
450,456.0,-2379.7211852778946,2525.5744597706093
451,575.0,-1178.7526125714032,4466.470304755871
452,807.0,-552.7555177084527,4886.199990300619
453,970.0,-1387.0900391253806,4635.40922836449
454,1181.0,-2627.7859520117345,6870.093825292776
455,1250.0,-2635.26439594369,6865.210791983957
456,465.0,-2364.2709548364005,4911.939648385907
457,913.0,-601.5124463220997,6287.129955138983
458,1496.0,-3310.1726540969053,7806.632835618296
459,520.0,-1442.7043528192528,2478.479664916662
460,620.0,-2343.3790704532676,5016.320865395965
461,620.0,-2371.4295865609197,5014.806149310582
462,651.0,-1706.231669342228,3788.3613135406085
463,453.0,-1313.184260467868,3296.323323780418
464,1209.0,-1967.1149997734103,4806.034424227536
465,1209.0,-1985.3386161875228,4812.5315571684605
466,1120.0,-1838.89277414828,6219.876127156256
467,494.0,-1225.0703854340638,3499.7348054553504
468,638.0,-1191.055695601558,2563.5297893081547
469,795.0,-1365.3963317673674,2609.930612964088
470,471.0,-2478.734167487001,4557.8822574757005
471,471.0,-2481.8591253950317,4545.831144028913
472,590.0,-1527.5662095734574,3867.6965435034745
473,827.0,-1212.8402112553742,3294.820076441664
474,471.0,-2499.7979338284144,4563.012330981178
475,1156.0,-1818.7214465805187,6222.698415404001
476,1179.0,-2439.937782920169,6217.612796442553
477,538.0,-1300.4389151910277,2665.7464423448714
478,800.0,-1310.861852736133,2692.6034016285234
479,680.0,-1737.924812329188,3688.8359198536705
480,1194.0,-2407.044546962462,6202.412382551722
481,458.0,-2468.148390759473,2592.982162798257
482,1272.0,-1854.0397394533752,6231.1861118124725
483,989.0,-612.7630489446208,6233.28188482025
484,509.0,-1484.1905801153478,3873.7595190601205
485,1023.0,-2475.574738616793,6768.212324053232
486,945.0,-2619.9753500924985,6214.1580056298635
487,687.0,-1433.577707300243,2587.8384148863092
488,700.0,-1784.4648748247973,3740.397263143781
489,1235.0,-2637.5836078432044,6731.134035926762
490,1009.0,-505.3215885666847,6049.459155315078
491,813.0,-2000.317889360325,4556.13330885273
492,470.0,-2203.7950030510256,2828.724346546757
493,574.0,-2239.735783861457,2828.872872906556
494,813.0,-1992.775625958413,4560.707213038688
495,718.0,-1295.1945501483049,3505.153319629454
496,813.0,-1994.1685995005278,4557.090037026891
497,1122.0,-834.2850744146468,5532.026673965752
498,812.0,-2247.3226860471964,2770.9388409815024
499,1388.0,-4573.219385707392,7166.01434300447
500,988.0,-96.88218281710921,3495.6462568131997
501,715.0,-1740.815735538838,3663.8274819687804
502,451.0,-2535.2347087679136,3044.1725823116017
503,515.0,-1608.4467532686513,3792.329605710588
504,1448.0,-4441.123700435095,7062.412570344279
505,1040.0,-1348.869767586235,5979.254576762876
506,979.0,-2638.0240332388503,6888.773195452822
507,1597.0,-4357.849771294017,7214.08067138873
508,557.0,-1105.6539039822856,3719.078682907225
509,0.0,-3385.875398890221,5924.15973572915
510,0.0,-623.1947474813447,3715.929829825936
511,1652.0,-4522.657091775664,5064.876854695869
512,0.0,-1399.156707012634,4684.288875338637
513,1497.0,-4230.049175257697,5080.401906209619
514,0.0,-1032.5715012678202,5928.329482451968
515,1265.0,-1815.5755080958847,6209.144371499226
516,1276.0,-2436.162881473775,6231.019216148948
517,1104.0,-2509.797818991931,6818.162369026183
518,1227.0,-2527.783995047869,6787.308598826727
519,1112.0,-2978.836093696055,6116.321088330168
520,1723.0,-4269.247756972058,5060.722786459932
521,920.0,-1743.4527562736891,6280.741119659493
522,1475.0,-3245.5300718420303,7821.789455282468
523,0.0,-668.7524318215658,5846.298897000955
524,1386.0,-4558.402779521822,5061.016193730946
525,1581.0,-4586.564778851952,4973.168822623007
526,0.0,-2371.9209343639263,5891.861782109639
527,980.0,-2986.870311860929,5982.1996176609155
528,1376.0,-4429.26166639244,4622.037001709063
529,923.0,-2630.783016001132,6800.934447707431
530,1114.0,-506.5525631515028,6194.309717698389
531,1546.0,-4434.445745918704,4633.913400866676
532,1667.0,-3269.7412667590606,7770.115678891909
533,949.0,-1658.825639724064,6184.085888451759
534,1531.0,-4083.819513614072,6495.298877014566
535,1133.0,-1636.010670564606,6188.969646246565
536,1623.0,-4146.8642688663695,7353.2836728142065
537,697.0,-2283.941234392405,4933.928973330876
538,1218.0,-1613.7332956087453,6184.3620065370405
539,0.0,-2101.031462304983,5798.306918072116
540,948.0,-307.2958619307406,3604.4378614096395
541,0.0,-665.8450793257592,5847.898029995306
542,1677.0,-4149.69504894554,7317.352813573793
543,983.0,-475.8177254300129,5261.416899715568
544,1214.0,-1731.4367799555325,6091.444606814137
545,1260.0,-530.0358198183401,5193.878826953968
546,1434.0,-4233.524480421785,5367.960831846991
547,1692.0,-4136.416495700393,5281.823377293267
548,1426.0,-4585.756029931874,7148.008826345725
549,1555.0,-4580.76151036574,7147.815350510802
550,942.0,21.669890256648806,3464.6893415476097
551,1091.0,37.16776273943869,3469.2412770690626
552,1632.0,-4594.189827172081,7162.874955028137
553,0.0,-488.1080064177222,5926.907140672788
554,1233.0,-46.656919104017646,5327.906567472792
555,1109.0,28.13548089109984,5245.9527278661
556,1238.0,-497.9142581915998,5932.846782489951
557,936.0,-1640.7766965971773,6100.027961564686
558,0.0,-2385.4385189250543,5868.6965961385
559,793.0,-1280.5301878084938,3537.04015791116
559,1267.0,-77.41408175849402,3492.9670760851336
559,0.0,-77.41408175849402,3492.9670760851336
560,1429.0,-4245.956547016307,7318.020226954494
561,1631.0,-4244.861152826142,7230.152931939434
562,1440.0,-4584.755652123426,7255.346347655441
563,943.0,-140.13417662899712,3594.783028779292
564,782.0,-1744.0654673447502,3678.495623964854
565,1095.0,-3398.276295603299,6019.858355053496
566,993.0,-1646.861087081713,6096.975497646737
567,0.0,-498.97812687498964,5921.634540113668
568,0.0,46.208809879022134,3460.247555238258
569,999.0,-1639.987168469182,6100.600084036814
570,1100.0,-495.32235550925844,5630.923968123473
571,1137.0,-509.2234418219893,5752.367188077313
572,0.0,-3178.5513425595723,5824.714266838579
573,459.0,-2116.8621818692386,3664.7729068461044
574,0.0,-2510.049954412207,6779.656082938719
575,0.0,-23.665466176792744,4413.051833654614
576,38.0,1415.693667885209,3334.23105911133
576,0.0,-583.8815119472166,6380.0419377590715
576,317.0,-583.8815119472166,6380.0419377590715
577,0.0,-3171.6367973194874,5824.906979870254
578,1473.0,-4223.478618255394,5501.047318320002
579,974.0,-1608.45605877468,4914.969006718104
580,0.0,-3409.1418665848596,5927.283838639176
581,1184.0,-489.0138575823819,5657.990232815081
582,951.0,-100.02353737703987,3576.9071575143835
583,958.0,-366.862485902673,5278.582692455595
584,1659.0,-4427.173188686196,4709.640992518525
585,1462.0,-4114.371315827638,5745.267085235094
586,1519.0,-4124.438691699915,5663.721962555144
587,1149.0,-390.92700288420605,5285.610542852541
588,1154.0,-362.6428064948931,5254.189631258296
589,0.0,-1536.1066519273945,5610.237234742129
590,907.0,-1859.0686663501835,5779.598661124439
591,1549.0,-4336.655269771313,6593.426522625953
592,1627.0,-4142.12632014002,5675.5864106061545
593,1638.0,-4128.045645961621,5674.338983626227
594,1703.0,-4124.192423540323,5649.194283054822
595,0.0,-2398.6430407981034,5864.346521511627
596,1242.0,-3012.122613602897,6124.890104393832
597,997.0,-1977.2139161653663,5787.6889677984045
598,756.0,-1598.3974946394105,3634.58685860962
599,0.0,-644.949398754268,5864.969009827369
600,1012.0,-2866.21544177197,6614.269570934608
601,1150.0,-1826.9485604325616,5804.561777536771
602,0.0,-1817.0844817029356,6221.727021204116
603,0.0,-2159.204573599384,5856.260366705141
604,0.0,-121.7396421335003,3410.3845027847797
605,0.0,-1658.8521050369468,5622.009329435063
606,1178.0,-1747.1848158780342,5761.221898211123
607,990.0,-2607.0883227964246,6589.128747130136
608,1041.0,-2615.5388134891696,6623.487201562238
609,769.0,-1609.8151428460656,3661.483687587483
610,1103.0,-167.92909522426285,5267.910967169662
611,0.0,-2103.4410354617266,5808.314597887445
612,801.0,-1625.3699500482817,3623.739971111275
613,1201.0,-207.27324548811586,5214.163921048348
614,777.0,-1406.7676836208832,2518.944736137566
615,0.0,362.74012449221857,5039.261611489124
616,1700.0,-4624.193055070082,4701.081892642431
617,0.0,-1655.9701994015838,6197.7203040193135
618,1361.0,-3543.1738793540267,7170.791833510142
619,1414.0,-3570.9679069221897,7170.979313997589
620,995.0,-9.229718009304452,3464.432334868954
621,0.0,-1321.9107595333644,5827.720807987865
622,1000.0,-75.47564359778953,4874.024431546593
623,1458.0,-3936.1876158302457,7271.129637843973
624,1101.0,-624.275649276885,4074.5960623245123
625,1490.0,-3860.982432547328,7224.808504582566
626,1131.0,-251.05158877216834,4432.092074326923
627,1524.0,-3869.350021545542,7289.065755122173
628,0.0,-3597.774013082279,5913.149885071613
629,0.0,-2629.6666536478024,6291.520901708724
630,1245.0,-162.52876505399442,5274.356859163546
631,1528.0,-3871.5950229040745,7253.252048915076
632,1602.0,-3922.3192055363775,7273.23458390468
633,479.0,-2075.731181053991,3651.4496457657992
634,0.0,-2395.0055165241056,6227.822284389149
635,962.0,-703.0965569865255,6326.251441767978
636,735.0,-2278.2062561994644,3050.7139245482304
637,1055.0,-718.0913986877977,6350.069650231923
638,104.0,461.88922506853726,2227.657308829264
639,0.0,-1636.8723427067264,6079.251145856186
640,912.0,-2642.0696902689556,6298.803554742985
640,0.0,-2642.0696902689556,6298.803554742985
640,784.0,-576.3353246740293,4878.177593755779
641,0.0,-410.22833483815924,4140.976206221658
642,105.0,117.97788957121428,499.5218858411952
643,0.0,-1792.1128573348808,5852.876804237393
644,139.0,109.56866048526177,498.9941002913007
645,219.0,489.19366279893705,2274.4476149298566
646,1046.0,-3355.2874081961263,5228.710052429309
647,0.0,-593.0420150338041,6074.3760884617195
648,1173.0,-1544.402652799368,5597.814717266389
649,1499.0,-4603.5541335377675,7615.90258476738
650,1371.0,-3137.923070537894,6295.521953440466
651,241.0,-1624.3900041035336,1044.057038017657
652,792.0,-2165.2222048762196,4800.267171794048
653,0.0,-1409.3290080520196,4662.189297858006
654,1224.0,258.49267537955234,4799.8575256145605
655,0.0,-3345.773357456328,5581.479157341096
656,282.0,-1628.0823810173774,988.5295495794128
657,0.0,-2383.533511193669,5891.225256461442
658,0.0,-76.74115770688036,3742.995758183502
659,1199.0,-100.81570932262191,3799.2594196304344
660,908.0,-573.673158247096,6375.153936726497
661,614.0,-1989.2355591009136,3092.742878158136
662,1625.0,-4574.588058437561,7362.077057098975
663,0.0,-1645.6597715712758,6177.79886142168
664,1679.0,-4591.633207720222,7521.247043630944
665,1573.0,-4411.485074700296,4851.5306770239795
666,461.0,-1360.6783257380766,2559.16323147236
667,763.0,-1289.1504103862505,2570.634755374985
668,0.0,-3374.169175637565,4805.133208104064
669,781.0,-1349.3596776839165,2567.781419621334
670,0.0,-633.7212049725229,5178.534725064901
671,1564.0,-3602.0731182374357,7364.194846632647
672,1177.0,-1678.5790710508977,6160.480937024593
673,1404.0,-4563.112709301848,7141.287483966912
674,1092.0,-560.1527404518916,5243.697585329711
675,1249.0,27.248757157050008,5343.758699412592
676,1484.0,-4568.471573676515,7124.321407603188
677,1534.0,-4595.432949602926,7155.395160505548
678,1020.0,-3661.7175644164367,5647.7803038575175
679,1079.0,-3057.686446855868,6040.677179188843
680,1541.0,-4576.842600777946,7235.9920524275
681,964.0,-631.1264069717149,5183.043067045653
682,1108.0,-633.2420264016363,5244.171003127429
683,1722.0,-4579.353296529987,7249.023730160305
684,1126.0,25.14705315156719,5226.253681137051
685,1187.0,11.640180370107526,5229.4637979914505
686,1134.0,-610.6958843652574,6040.428164981048
687,1027.0,-2987.881704085313,6388.854571949256
688,1024.0,-378.51736739121276,5271.07121092306
689,1082.0,-382.27844858526595,5252.606013598034
690,1145.0,-3399.3229117910487,4826.167793855674
691,1275.0,-3381.8055038520106,4815.506122050947
692,1142.0,354.72148868970515,5036.215574161836
693,1152.0,358.35270133922876,5055.26014712158
694,904.0,-2641.539207886509,6610.1876841872845
695,1064.0,-2649.3445007286064,6609.726396120516
696,1202.0,-219.1671197003837,5239.299403712798
697,1210.0,-1302.8187905920922,5839.658254063805
698,1170.0,-2602.9421497482713,6588.683436306359
699,1170.0,-2609.8899384101264,6585.511459693846
700,1144.0,-2961.56041080373,6394.686070888651
701,1013.0,-582.4788531048041,6063.40628905503
702,1170.0,-2603.385959597968,6600.858147113771
703,901.0,-198.11390298298616,5328.782246565214
704,1273.0,-657.4287670201119,6011.140326051992
705,628.0,-2297.6257622408543,4772.2808025847835
706,918.0,-2113.578241717062,5794.9011230812785
707,1170.0,-2604.2263565865273,6579.042456461137
708,935.0,-3618.5752135830785,5701.970720981041
709,1585.0,-3280.633214236889,7634.202670059913
710,1600.0,-3327.5096498895246,7637.441387708559
711,1246.0,-681.2596392996671,6023.524357173201
712,1246.0,-674.9344716300386,6019.406727515781
713,1246.0,-662.1165247202181,6037.240811994108
714,1159.0,-743.0203800853865,5534.926618201992
715,941.0,-179.65235022565383,5343.118902409721
716,1159.0,-744.0119196297343,5533.855381228612
717,1246.0,-673.993358110065,6036.860938124659
718,1176.0,-452.7197687905406,5765.433597201812
719,972.0,-3374.8893316173194,5182.102545381883
720,615.0,-1215.1838672982808,3634.241016689522
721,1176.0,-466.27784170199845,5764.934341802078
722,969.0,-1473.6876234174335,5980.677979507759
723,1176.0,-471.31460839871494,5770.685051006932
724,1675.0,-4584.690952728261,4730.935576222884
725,1014.0,-2129.5003473512925,5799.5356852902205
726,1037.0,-1773.8187005681857,5839.7078246985175
727,1203.0,-3327.083389750419,5565.306272482229
728,1459.0,-4575.351437489866,7601.6297381199865
729,1086.0,-2372.6337444471123,5888.552752859258
730,506.0,-1111.6681871148942,3811.427686026674
731,1096.0,-3670.8704195274504,4800.67362049307
732,1629.0,-4593.885964345719,7410.589215756412
733,1640.0,-4584.240032205744,7465.838494323158
734,1098.0,-2067.5876958648605,5858.6920376175785
735,1420.0,-4369.085396042212,4836.885105173833
736,1481.0,-4442.101274676921,5127.662279902912
737,1183.0,-780.8774760157667,5391.740149128877
738,1111.0,-3672.5742798603255,4826.3623929577825
739,984.0,-1553.1319253895663,6001.457482379951
740,1160.0,-1477.753917514858,5982.032801722768
741,1183.0,-776.4882516001887,5367.657544470866
742,1485.0,-4447.537454306273,5154.656607367594
743,1578.0,-4506.908302142971,5130.2781800456805
744,1045.0,-1540.6939232142856,5911.2043933891255
745,1510.0,-4493.87517195987,7603.890328314192
746,957.0,-1290.6403152347996,5952.997070126488
747,1537.0,-4313.3996057027,7621.616990910409
748,1093.0,-3002.803352452276,6287.865190925958
749,1093.0,-2994.5135106816715,6294.727128733409
750,1093.0,-2984.3001923744905,6315.4332193053915
751,1019.0,-784.5925301254847,3710.2514636362052
752,1052.0,-366.55809583002826,3615.0051426516643
753,1223.0,-1380.8368470962089,5979.519134795733
754,1093.0,-2993.414801039495,6291.775052685507
755,1164.0,-2992.7529370465554,6043.937811718378
756,0.0,-4600.098104010539,7084.096727467351
757,0.0,-3196.0394402771226,7757.57190069216
758,1569.0,-3585.2696697579313,7310.321937701542
759,1431.0,-3984.8727493916085,6566.67795061826
760,0.0,-4415.589720547536,4926.325913845737
761,0.0,-4128.8905060003,6800.748130967522
762,0.0,-4040.7493465707084,5466.22194848517
763,1645.0,-4329.64969008691,5070.548374610194
764,366.0,952.6721102474256,2479.660661275157
765,1384.0,-3933.1271666772773,5667.194756375772
766,1682.0,-4317.371034781835,5055.166850157187
767,41.0,-1926.7069969067843,797.610023697387
768,0.0,-4122.379445834429,6791.816996179428
769,277.0,1459.302104715404,3411.342454350615
770,1502.0,-4041.233248773596,6552.190399396847
771,0.0,-4627.803505030236,5127.822403184233
772,1634.0,-4425.640030585615,4645.90369996585
773,0.0,-4191.548429554687,4882.44988733869
774,0.0,-3364.558910561772,6434.46587870912
775,1714.0,-3998.823088302957,6545.91170170113
776,478.0,-1203.725149070991,3310.658116727257
777,476.0,-1208.9472386322848,3942.302893575663
778,1560.0,-3397.0125136132033,7428.898526522469
779,370.0,1554.6073197894364,3246.836464596033
780,0.0,-3547.9040950189815,7159.286717013078
781,23.0,-529.69546941179,1684.054642039977
782,1087.0,-4184.028754554261,5827.352069088189
782,1139.0,-173.58060961861977,5340.019317629605
782,0.0,-4184.028754554261,5827.352069088189
783,1727.0,-4326.018345568062,7592.440514065467
784,1596.0,-3776.299250645544,7455.392427675707
785,0.0,-3477.1099433716536,6446.837152627946
786,42.0,-581.000579659035,1650.2349838242703
787,124.0,199.30074072700614,890.2474796102158
788,1606.0,-3780.0808063569525,7461.317081750914
789,0.0,-4122.802148027972,6797.956288223226
790,0.0,-3891.647559435206,7446.7800038514315
791,0.0,-3289.004520264399,6606.141169355152
792,0.0,-4292.628457275895,6660.774586691349
793,0.0,-3334.846201000356,7746.385602800074
794,0.0,-3686.0847071529056,7045.6056134714845
795,1574.0,-4468.76529093504,4842.357854474624
796,1412.0,-4465.5179970195,7053.175910801328
797,584.0,-1213.5049990750194,3378.128369851267
798,1167.0,-4530.863570531021,7424.274722411092
798,0.0,-4530.863570531021,7424.274722411092
798,1167.0,148.69781890552514,4031.6814836125395
798,981.0,-4530.863570531021,7424.274722411092
799,0.0,-3675.235655917732,6929.73487850449
800,132.0,1403.4703470621855,3484.602905910564
801,1656.0,-4505.818182471621,7075.035258933246
802,0.0,-3913.1610174656666,7224.771191976289
803,691.0,-1665.255552414537,3428.850499167445
804,1587.0,-3316.44490379582,7524.04349451233
805,725.0,-1633.597605779784,3422.9740213323944
806,0.0,-3993.5199603218102,6564.5445462477355
807,198.0,418.47646668134996,2395.880043768734
808,0.0,-4167.038285776105,6551.2606944885965
809,1428.0,-4505.273766616215,7502.373779832186
810,236.0,-1016.1007702949528,1448.9309138248868
811,486.0,-2253.5188863550516,2513.0897016854406
812,1530.0,-4514.58528855778,7557.956102926287
813,627.0,-2274.4085737947257,2478.6263428309167
814,1685.0,-4405.876968350579,7518.324883972582
815,500.0,-1610.9627691619994,2820.240368942965
816,0.0,-4590.0611407337865,4732.599488932738
817,0.0,-4465.978675372998,5122.693436864033
818,0.0,-4004.824463086361,6564.168995770503
819,576.0,-1336.5882074093379,3904.4779350882313
820,672.0,-1004.2513891859523,3073.5372746080293
821,56.0,1797.2337132741973,5137.778234811666
822,166.0,605.0606339361797,424.15209856388833
823,176.0,1760.9677030231485,5175.715272920123
824,0.0,-4576.568410022565,5013.675835337439
825,0.0,-4122.666739648664,6880.946766055851
826,1470.0,-4575.355962850468,7098.803639486686
827,0.0,-3176.6381577144825,7745.982218631285
828,0.0,-4210.692119453298,5548.33234202792
829,178.0,1763.5225460548575,5317.804064506469
830,326.0,1240.120830290805,3213.184734365052
831,0.0,-4386.315041137658,5048.952990331425
832,0.0,-4316.405974217419,5070.299975368032
833,552.0,-536.0450117245267,4686.940131277996
834,0.0,-4135.308776439956,5751.469107456164
835,1456.0,-3951.303099272169,5660.641175195469
836,678.0,-1457.3885093196725,2674.8153128865742
837,221.0,-1324.4455789026817,2194.1490996132184
838,351.0,665.6143289852563,3291.6693208642923
839,0.0,-4009.1135009245563,7430.231756156197
840,1616.0,-4584.18227926299,7063.426833077119
841,1666.0,-3204.8464903056683,7842.437308158231
842,0.0,-4129.391502311383,7168.3154096091275
843,1135.0,-3609.2158542156903,5683.6461987039065
844,1670.0,-4569.767285060447,7091.210246676771
845,53.0,-2021.2612503255148,1947.9658402270704
846,0.0,-4573.863075949347,4808.255198603331
847,0.0,-3665.4994343073313,7433.520512138324
848,1432.0,-4135.811558220808,6904.144972265494
849,1044.0,-681.0992702433416,6016.427506407164
849,0.0,-4430.269408344377,7623.541660025129
849,1044.0,-4430.269408344377,7623.541660025129
849,1077.0,-4430.269408344377,7623.541660025129
850,1469.0,-4140.2234961215445,6885.94831581265
851,1400.0,-4050.4480968794396,5505.368957083411
852,1127.0,-1679.5047761129108,5597.565104297342
853,0.0,-4215.474583220102,5752.058252352654
854,46.0,330.14114434449584,787.647734479416
855,0.0,-4514.046012195604,4732.002287130245
856,0.0,-4192.106816543167,5818.202161286745
857,1393.0,-4153.509460342287,5469.427300552985
858,0.0,-3849.684858947064,5274.141406414394
859,0.0,-4073.2360711579854,5384.400688043793
860,0.0,-4254.36203547277,7164.3313663377985
861,1501.0,-3872.888689535182,7154.957894485243
862,0.0,-3469.7860761295665,6694.908497035321
863,1427.0,-4082.027384134608,5503.342090929863
864,0.0,-4623.771627995435,5124.999631442174
865,605.0,-1001.888808949487,3002.8258189256917
866,1686.0,-3767.516655337967,6835.676204998095
867,0.0,-4239.279745841345,5072.514812630291
868,372.0,-3658.925156039225,6934.457096146528
868,0.0,-3658.925156039225,6934.457096146528
868,372.0,621.9038826743756,2887.89031337703
869,1672.0,-4239.719365074045,7055.2062989816795
870,1540.0,-3781.0711465780173,6745.343902855307
871,726.0,-1220.644558831565,3062.0058122699493
872,0.0,-3897.256210914802,7436.536764489208
873,751.0,-1069.2315403471373,3063.548904359576
874,1702.0,-3882.915999876255,5409.125648465788
875,0.0,-3249.345229964435,7214.831037646963
876,0.0,-3888.429758442975,7446.716837412794
877,1358.0,-4196.480509607843,4895.394159486577
878,1365.0,-4586.735738478009,4825.654095360672
879,1674.0,-4596.915260360124,4843.512232541971
880,240.0,-793.5455427814742,1338.2656878794949
881,1731.0,-3325.3139367657286,7597.713732215858
882,142.0,2032.077021524605,5307.842344395387
883,0.0,-4516.065467931924,7516.172529097514
884,0.0,-4580.394387990906,4816.347830219906
885,0.0,-4417.245015439658,7602.355415629922
886,0.0,-3684.4843188446143,7053.009974973157
887,0.0,-4247.834683966655,7149.969306704537
888,1523.0,-3297.127811784741,7311.377248073791
889,334.0,-2.579328033867741,38.011648610051495
890,1378.0,-3774.8606285405017,6642.571051773959
891,1544.0,-3330.12743036265,7382.550402380843
892,0.0,-3280.4777454621885,6634.133050493318
893,1710.0,-4162.596889059098,6976.507364522276
894,1718.0,-4111.228124587779,6982.239843024943
895,1547.0,-4351.305343845601,7419.828579350854
896,0.0,-4295.158493064361,6647.039491631839
897,0.0,-4309.593150341714,5071.57820509219
898,1583.0,-4325.195738039542,5005.594829601602
899,1660.0,-4290.910483457582,5011.0737019879425
900,0.0,-3592.939147189611,6548.555511942826
901,0.0,-3856.3064147702257,7044.116843257988
902,0.0,-3223.7533755216027,6372.28387800008
903,564.0,-1201.9808748054315,2998.612458380545
904,916.0,-1619.2417336779565,5673.535381976727
905,1380.0,-3814.5668194489326,7170.80049873698
906,1230.0,-3058.3214090705414,6041.157807057922
907,0.0,-3483.162156935051,6460.477312577699
908,1520.0,-3774.2709856509605,7171.61551912498
909,0.0,-4585.221566109179,5027.64991185597
910,1687.0,-3776.001523423852,7147.410788344418
911,0.0,-3601.96775072538,7327.752736620262
912,1379.0,-4074.885984570834,5087.873886877568
913,922.0,-1706.5355089438558,5704.95317591239
914,19.0,2233.1240881346425,4571.347828587747
915,1394.0,-3272.1944726072365,6622.337829257592
916,709.0,-4504.9223128867225,5038.13663307764
916,0.0,-4504.9223128867225,5038.13663307764
916,709.0,-1131.3110713899086,2909.6247381786993
916,1077.0,-4504.9223128867225,5038.13663307764
917,1688.0,-3778.272591852368,7180.856465606073
918,598.0,-1389.733859695731,3820.595112731895
919,0.0,-3677.241769337657,6948.539452042261
920,0.0,-3676.849440437668,6936.563544171536
921,1576.0,-4149.797185986286,5460.883891589355
922,779.0,-1438.7234830633947,3815.642678835274
923,0.0,-3588.2357835298653,7339.574011198801
924,0.0,-4211.4443748655885,5746.171105081376
925,0.0,-3781.03695793901,7449.0889006694815
926,1052.0,-368.53259505516115,3629.325206786423
927,1052.0,-372.8116493477661,3625.3493881962586
928,1352.0,-3238.805104313656,7221.338533379569
929,1450.0,-3258.2451298192673,6635.896412525215
930,1052.0,-379.33838264260726,3602.3194386632076
931,1038.0,-3575.5938269792605,5871.3108212677735
932,1444.0,-3194.541192984135,7213.091093857307
933,1553.0,-4512.776657169672,4805.689058320287
934,18.0,-744.821428567313,1304.1195043438843
935,1593.0,-4493.440588728231,4790.896518958078
936,1363.0,-3333.607348983237,7509.648003413355
937,1436.0,-3319.2439490653433,7530.674934822572
938,1186.0,-2994.597475093336,5987.857434160499
939,1561.0,-4109.71055680257,5244.836252760056
940,1513.0,-3293.686734912336,6611.326879209524
941,1545.0,-3266.7575817555253,6613.38394303702
942,1487.0,-3790.0547245606476,6426.918155755548
943,1366.0,-4195.94017028859,4882.223905810497
944,47.0,2111.100769701764,4063.0561713955035
945,1221.0,-3411.7730384111137,6038.17062412
946,1513.0,-3298.2315275483497,6628.97049603114
947,155.0,-1497.2058706321964,978.3110915491427
948,1074.0,341.1115359914733,4747.94016263901
949,1454.0,-3402.3674742879793,7147.916999015995
950,250.0,2177.9443871208114,5021.823397692597
951,1711.0,-3234.3863128697435,6381.881556924174
952,256.0,2182.5352931743437,5043.293217415122
953,1256.0,414.46800938953857,4749.751129616142
954,1515.0,-3389.8605896499735,7142.504036313241
955,314.0,-1487.49560729855,951.6054633507447
956,94.0,-1703.8331328252648,1839.326639110795
957,1443.0,-3861.2079592340287,7444.404782879035
958,70.0,823.9669889960232,337.7443506549204
959,1706.0,-3275.5413869405384,7307.0747295437295
960,1257.0,-483.6070831695373,5757.9034671816335
961,265.0,-417.50580539630477,1764.048197531049
962,1464.0,-3406.134480646205,7307.143561429393
963,265.0,-430.3662269508244,1751.7543151621858
964,1478.0,-4344.171179961426,7514.790455585906
965,265.0,-410.0764968922995,1747.26222881083
966,265.0,-433.2796618299616,1770.770016461628
967,1661.0,-4058.609920213049,5169.767445184374
968,1419.0,-4199.1433175908305,5555.170642159958
969,156.0,-1511.7645719761797,1896.827827854746
970,377.0,691.9240174727879,331.74200714208257
971,49.0,2405.1302538902714,4033.1838921950034
972,1409.0,-4295.645133552066,4891.172968322428
973,95.0,2199.8523676887808,5268.126362996234
974,1609.0,-4220.201403279257,5010.085908859293
975,618.0,-1770.813085589012,2625.994824798966
976,825.0,-1796.8494404619064,2615.2990392254947
977,1407.0,-4431.071903516416,4986.187406538733
978,1416.0,-4436.017644082696,7441.489320527886
979,1472.0,-4449.477643097176,7416.196113468578
980,1395.0,-4349.309091776295,7213.541765056712
981,1724.0,-4600.062111656344,4996.27411890603
982,144.0,1254.2387191852774,1545.2607913003292
983,341.0,1256.3141156257354,1566.7972243994398
984,791.0,-1596.1095253257768,3807.2089986005285
985,531.0,-2060.173078226845,2741.7778823512554
986,821.0,-2031.9986229091098,2793.698092899543
987,621.0,-2363.9819437449723,2583.0203046584083
988,722.0,-2374.205219303569,2585.3543368253213
989,1435.0,-4307.0687144620915,6674.080324564559
990,1514.0,-3488.304931264468,6529.420455091727
991,688.0,-1062.3917750966539,3462.1311770701623
992,175.0,1033.4080922685016,424.13877539643045
993,13.0,732.879247406784,2084.694821357077
994,1579.0,-3545.910685650366,6509.50131238698
995,1612.0,-4103.419028947852,7311.367585130046
996,1713.0,-4120.978123665163,7366.776355683984
997,607.0,-1837.9837460557421,3486.590646023064
998,1374.0,-4250.106202053015,5322.2509749126475
999,51.0,2113.146319828208,5099.0139780453665
1000,345.0,140.48501119579873,812.4529043932611
1001,275.0,920.6524260563766,2571.673518234092
1002,528.0,-2248.739022493608,2668.5747681383655
1003,1538.0,-4252.8301145641735,5265.662887136043
1004,460.0,-2471.693364419926,3276.022483871138
1005,1558.0,-4178.755445778288,5234.961352662549
1006,1633.0,-4227.972595816516,5315.296143771051
1007,1620.0,-3964.6025264990335,6565.967796707195
1008,525.0,-2153.571909256819,2521.0884089647766
1009,663.0,-2362.9727109189403,4883.851861188674
1010,597.0,-2100.356963979903,2596.3428032369716
