timestamp,ListPeople
3/5/2022 0:00,"[127, 285, 356, 382, 384, 514, 541, 558, 567, 574, 577, 602, 603, 617, 628, 634, 663, 670, 760, 761, 768, 789, 791, 794, 828, 853, 855, 856, 867, 875, 901, 907]"
3/5/2022 0:10,[392]
3/5/2022 0:15,"[256, 553, 920]"
3/5/2022 5:30,[580]
3/5/2022 5:50,[846]
3/5/2022 5:55,"[154, 816]"
3/5/2022 6:00,[859]
3/5/2022 6:05,"[876, 896]"
3/5/2022 6:10,"[655, 892, 902]"
3/5/2022 6:15,"[668, 757, 827, 919]"
3/5/2022 6:20,"[780, 802, 825, 911]"
3/5/2022 6:25,"[406, 808, 839]"
3/5/2022 6:30,"[142, 572, 657, 762]"
3/5/2022 6:35,[883]
3/5/2022 6:40,"[288, 785, 884, 885, 887, 909, 924, 925]"
3/5/2022 6:45,"[510, 756, 858]"
3/5/2022 6:50,"[161, 509, 900]"
3/5/2022 6:55,"[301, 615, 653, 790]"
3/5/2022 7:05,"[380, 523, 611]"
3/5/2022 7:10,"[262, 539, 842, 872]"
3/5/2022 7:15,"[267, 407]"
3/5/2022 7:20,"[575, 643, 658]"
3/5/2022 7:25,"[44, 589, 604, 621, 639]"
3/5/2022 7:30,"[279, 773, 774, 824, 897]"
3/5/2022 7:35,"[346, 599]"
3/5/2022 7:40,[771]
3/5/2022 7:45,"[641, 806, 886]"
3/5/2022 7:50,"[647, 832]"
3/5/2022 7:55,[792]
3/5/2022 8:00,[568]
3/5/2022 8:05,"[605, 793, 831, 834, 847, 923]"
3/5/2022 8:10,"[595, 817, 860]"
3/5/2022 8:15,"[298, 352, 818, 864]"
3/5/2022 8:25,"[512, 629, 799]"
3/5/2022 8:30,[383]
3/5/2022 8:40,[862]
3/5/2022 8:45,[526]
5/24/2023 4:30,"[985, 986, 987, 988, 989, 990, 991, 992, 993, 994, 995, 996, 997, 998, 999, 1000, 1001, 1002, 1003, 1004, 1005, 1006, 1007, 1008, 1009, 1010]"
